{
  "Total" : {
    "transaction" : "Total",
    "sampleCount" : 10,
    "errorCount" : 0,
    "errorPct" : 0.0,
    "meanResTime" : 236.69999999999996,
    "medianResTime" : 157.5,
    "minResTime" : 145.0,
    "maxResTime" : 935.0,
    "pct1ResTime" : 858.8000000000003,
    "pct2ResTime" : 935.0,
    "pct3ResTime" : 935.0,
    "throughput" : 0.5569169079973268,
    "receivedKBytesPerSec" : 0.20558065549120072,
    "sentKBytesPerSec" : 0.14303627617509468
  },
  "HTTP Request" : {
    "transaction" : "HTTP Request",
    "sampleCount" : 10,
    "errorCount" : 0,
    "errorPct" : 0.0,
    "meanResTime" : 236.69999999999996,
    "medianResTime" : 157.5,
    "minResTime" : 145.0,
    "maxResTime" : 935.0,
    "pct1ResTime" : 858.8000000000003,
    "pct2ResTime" : 935.0,
    "pct3ResTime" : 935.0,
    "throughput" : 0.5569169079973268,
    "receivedKBytesPerSec" : 0.20558065549120072,
    "sentKBytesPerSec" : 0.14303627617509468
  }
}